time,open,high,low,close,tick_volume,spread
2021-05-09,1.39981,1.4043700000000001,1.39916,1.40397,1653,0
2021-05-10,1.40401,1.41574,1.40143,1.4129800000000001,50740,0
2021-05-11,1.41302,1.41657,1.41036,1.41348,51643,0
2021-05-12,1.41351,1.41523,1.4048,1.40618,65122,0
2021-05-13,1.4062000000000001,1.4077600000000001,1.40049,1.40455,57940,0
2021-05-14,1.40459,1.41106,1.40355,1.4097,44823,0
2021-05-16,1.4095,1.41033,1.409,1.41002,882,0
2021-05-17,1.41,1.4147,1.40766,1.41468,41701,0
2021-05-18,1.41473,1.42201,1.41449,1.41867,44905,0
2021-05-19,1.4187,1.4200300000000001,1.40985,1.41069,66848,0
2021-05-20,1.41069,1.41921,1.41007,1.41842,49814,0
2021-05-21,1.41844,1.4233500000000001,1.414,1.41493,50431,0
2021-05-23,1.4148399999999999,1.41538,1.4133499999999999,1.41395,1161,0
2021-05-24,1.41397,1.41711,1.41094,1.41547,41798,0
2021-05-25,1.41548,1.42102,1.41151,1.4142000000000001,50327,0
2021-05-26,1.41422,1.41756,1.41119,1.41146,46263,0
2021-05-27,1.4114900000000001,1.42187,1.40913,1.42025,53109,0
2021-05-28,1.42027,1.42051,1.4136,1.41879,56781,0
2021-05-30,1.41784,1.4188,1.4176199999999999,1.4179,625,0
2021-05-31,1.41792,1.42279,1.4163299999999999,1.42264,36760,0
2021-06-01,1.42266,1.42482,1.41426,1.4155,59065,0
2021-06-02,1.41552,1.41828,1.41102,1.41703,48104,0
2021-06-03,1.41706,1.42025,1.40859,1.41075,59865,0
2021-06-04,1.41078,1.41998,1.40822,1.41577,54505,0
2021-06-06,1.41505,1.41648,1.4148,1.4163700000000001,1288,0
2021-06-07,1.41639,1.41903,1.41109,1.4175200000000001,42618,0
2021-06-08,1.41753,1.41841,1.41204,1.41487,43688,0
2021-06-09,1.4148800000000001,1.4188399999999999,1.41071,1.41106,37713,0
2021-06-10,1.4110800000000001,1.41778,1.40726,1.41697,58474,0
2021-06-11,1.417,1.41848,1.40952,1.41113,41346,0
2021-06-13,1.4101,1.41184,1.40998,1.4117,960,0
2021-06-14,1.4117199999999999,1.41234,1.40696,1.4109099999999999,35541,0
2021-06-15,1.41093,1.41283,1.40337,1.40802,43014,0
2021-06-16,1.40804,1.41322,1.39801,1.39885,62007,0
2021-06-17,1.39887,1.40082,1.38953,1.39374,67121,0
2021-06-18,1.3937599999999999,1.39439,1.37916,1.37977,68737,0
2021-06-20,1.38006,1.38227,1.37913,1.38158,1640,0
2021-06-21,1.3816,1.39363,1.3786,1.39238,60617,0
2021-06-22,1.3924,1.39632,1.38597,1.3948800000000001,49350,0
2021-06-23,1.39487,1.40008,1.39234,1.39662,48388,0
2021-06-24,1.39664,1.39862,1.3889,1.39157,57173,0
2021-06-25,1.3915899999999999,1.3935,1.38708,1.3879000000000001,40364,0
2021-06-27,1.38845,1.38958,1.38754,1.38958,1065,0
2021-06-28,1.3896,1.39383,1.38689,1.3878,41401,0
2021-06-29,1.38782,1.38801,1.38137,1.38398,42448,0
2021-06-30,1.384,1.38723,1.37979,1.38279,47212,0
2021-07-01,1.38281,1.38337,1.3748,1.37586,49058,0
2021-07-02,1.37587,1.38439,1.3731200000000001,1.3829799999999999,52344,0
2021-07-04,1.38229,1.38337,1.38229,1.38308,1203,0
2021-07-05,1.3831,1.38615,1.38163,1.38528,28997,0
2021-07-06,1.3853,1.38977,1.37725,1.38035,58056,0
2021-07-07,1.38037,1.38414,1.37534,1.37991,60608,0
2021-07-08,1.37994,1.38016,1.37414,1.37893,74016,0
2021-07-09,1.3789500000000001,1.39005,1.37551,1.38999,62771,0
2021-07-11,1.38896,1.39008,1.38804,1.38981,1759,0
2021-07-12,1.38984,1.39096,1.38384,1.38858,47148,0
2021-07-13,1.3886,1.39046,1.37995,1.3805,52680,0
2021-07-14,1.38052,1.38917,1.3801,1.38561,56590,0
2021-07-15,1.38562,1.38985,1.38043,1.38276,63390,0
2021-07-16,1.38278,1.38618,1.37601,1.37762,65917,0
2021-07-18,1.3766,1.37689,1.37568,1.37628,2219,0
2021-07-19,1.3763,1.37633,1.36541,1.36683,79608,8
2021-07-20,1.36684,1.36891,1.35716,1.36337,67904,8
2021-07-21,1.3633899999999999,1.37226,1.359,1.37114,51959,8
2021-07-22,1.37116,1.37867,1.36901,1.3772199999999999,55323,8
2021-07-23,1.37724,1.37796,1.3719700000000001,1.37463,43810,8
2021-07-25,1.37493,1.37607,1.37394,1.37565,1727,0
2021-07-26,1.3756599999999999,1.3832900000000001,1.37367,1.38256,35481,8
2021-07-27,1.38258,1.38936,1.37663,1.38814,41965,8
2021-07-28,1.3881700000000001,1.39108,1.38426,1.39052,47652,8
2021-07-29,1.39054,1.39815,1.38978,1.39631,29643,8
2021-07-30,1.39634,1.39829,1.38877,1.39054,31802,8
2021-08-01,1.38959,1.39017,1.38897,1.3895,1363,0
2021-08-02,1.38952,1.39322,1.38754,1.38902,29703,8
2021-08-03,1.38904,1.39381,1.38821,1.39166,29207,8
2021-08-04,1.39167,1.39571,1.38822,1.3889,27441,8
2021-08-05,1.38892,1.39486,1.38714,1.39267,36913,8
2021-08-06,1.39269,1.39325,1.38608,1.3873,34470,8
2021-08-08,1.38719,1.38763,1.38578,1.3866100000000001,3442,0
2021-08-09,1.3866399999999999,1.38941,1.38398,1.38462,27037,8
2021-08-10,1.38464,1.3872,1.3827,1.3835,23589,8
2021-08-11,1.38352,1.3887399999999999,1.38016,1.38659,29201,8
2021-08-12,1.3866,1.38781,1.37939,1.38104,21838,8
2021-08-13,1.38106,1.38746,1.37903,1.38666,17278,8
2021-08-15,1.38551,1.3872,1.38523,1.3863400000000001,1574,0
2021-08-16,1.38636,1.38776,1.38272,1.38403,22725,8
2021-08-17,1.38404,1.38405,1.37226,1.37395,28556,8
2021-08-18,1.37397,1.37848,1.37305,1.37426,27237,8
2021-08-19,1.37428,1.37492,1.36273,1.36296,33446,8
2021-08-20,1.36298,1.36404,1.36016,1.3623,25283,8
2021-08-22,1.36173,1.36296,1.36105,1.3624,2081,0
2021-08-23,1.36242,1.37317,1.36242,1.3722699999999999,24375,8
2021-08-24,1.3723,1.37472,1.36932,1.37243,23019,0
2021-08-25,1.37244,1.37664,1.36962,1.37638,21892,8
2021-08-26,1.3764,1.37675,1.36884,1.36999,24685,8
2021-08-27,1.37,1.37806,1.3679299999999999,1.37589,32858,8
2021-08-29,1.37533,1.3765399999999999,1.37465,1.37621,2025,0
2021-08-30,1.37623,1.37747,1.37332,1.37583,17157,8
2021-08-31,1.37585,1.38071,1.37424,1.37518,33240,8
2021-09-01,1.37519,1.37979,1.37307,1.37707,25484,8
2021-09-02,1.37709,1.38394,1.37669,1.38357,19628,8
2021-09-03,1.3835899999999999,1.38911,1.38175,1.3858,29750,8
2021-09-05,1.38588,1.38667,1.3852,1.38571,1482,0
2021-09-06,1.38574,1.38592,1.38181,1.38382,14472,8
2021-09-07,1.3838300000000001,1.38561,1.37673,1.37787,30273,8
2021-09-08,1.37788,1.3790200000000001,1.37262,1.37661,31071,0
2021-09-09,1.37665,1.3862,1.37531,1.38377,32264,8
2021-09-10,1.38379,1.3888099999999999,1.38265,1.38301,24536,8
2021-09-12,1.38373,1.38408,1.3828,1.38382,1473,0
2021-09-13,1.38385,1.38507,1.37957,1.38369,24933,8
2021-09-14,1.38371,1.39127,1.38002,1.38075,30863,8
2021-09-15,1.38076,1.38532,1.37924,1.3847800000000001,28120,8
2021-09-16,1.38479,1.3849,1.37641,1.37974,27971,8
2021-09-17,1.37976,1.38123,1.3727,1.37292,28361,8
2021-09-19,1.3738299999999999,1.37457,1.37228,1.3728099999999999,1950,0
2021-09-20,1.37283,1.37297,1.36398,1.36615,34891,8
2021-09-21,1.36616,1.36925,1.36408,1.36571,36596,8
2021-09-22,1.36568,1.36893,1.36089,1.36157,52353,8
2021-09-23,1.36158,1.3750200000000001,1.3611900000000001,1.37203,41975,8
2021-09-24,1.37205,1.37359,1.36575,1.36718,28754,8
2021-09-26,1.36604,1.36721,1.36567,1.36679,1958,0
2021-09-27,1.3667799999999999,1.37286,1.36569,1.37003,35138,8
2021-09-28,1.37003,1.3717,1.3520400000000001,1.3541,52537,8
2021-09-29,1.35412,1.35541,1.34105,1.34266,48090,8
2021-09-30,1.34268,1.35169,1.34144,1.34683,46459,8
2021-10-01,1.34684,1.35751,1.34331,1.3544100000000001,52373,8
2021-10-03,1.35495,1.35751,1.35385,1.35693,2412,0
2021-10-04,1.35696,1.36398,1.353,1.36063,44007,8
2021-10-05,1.3606099999999999,1.36472,1.3584100000000001,1.36258,40235,8
2021-10-06,1.36257,1.36308,1.35436,1.35916,50102,8
2021-10-07,1.35918,1.36379,1.35701,1.3618700000000001,36199,0
2021-10-08,1.36185,1.36578,1.35822,1.36148,40026,8
2021-10-10,1.3612600000000001,1.36259,1.36077,1.36155,2427,0
2021-10-11,1.3615599999999999,1.36735,1.3584100000000001,1.35906,34003,8
2021-10-12,1.35908,1.36369,1.3568,1.35764,35710,8
2021-10-13,1.35762,1.36685,1.35754,1.36679,40616,8
2021-10-14,1.36681,1.37339,1.36579,1.36677,27774,8
2021-10-15,1.36679,1.37726,1.36677,1.37445,32384,8
2021-10-17,1.37448,1.37646,1.37422,1.37602,3950,0
2021-10-18,1.37603,1.37631,1.37085,1.3735,29194,8
2021-10-19,1.37353,1.38335,1.37353,1.37919,28412,8
2021-10-20,1.37921,1.38339,1.37419,1.38214,28905,0
2021-10-21,1.38216,1.38328,1.37756,1.37907,30996,8
2021-10-22,1.37904,1.3814,1.37348,1.3758,42856,8
2021-10-24,1.37442,1.37642,1.3744,1.37615,1608,0
2021-10-25,1.3761700000000001,1.37916,1.37414,1.3763,35507,8
2021-10-26,1.37632,1.3829099999999999,1.37564,1.3765,35972,8
2021-10-27,1.37652,1.37801,1.37089,1.37313,42401,8
2021-10-28,1.3731499999999999,1.38145,1.37218,1.3798,50016,8
2021-10-29,1.3798300000000001,1.38033,1.36679,1.36917,45510,8
2021-10-31,1.3679000000000001,1.36876,1.36767,1.36819,1800,0
2021-11-01,1.36823,1.36927,1.36415,1.36541,36764,8
2021-11-02,1.36543,1.36663,1.36052,1.3615599999999999,37318,8
2021-11-03,1.36158,1.36979,1.36069,1.36936,49301,8
2021-11-04,1.36937,1.36937,1.34707,1.35073,52027,8
2021-11-05,1.3507500000000001,1.3508499999999999,1.34237,1.34951,43198,8
2021-11-07,1.34822,1.34916,1.34814,1.349,1764,0
2021-11-08,1.34898,1.35793,1.34498,1.3563100000000001,32842,8
2021-11-09,1.35629,1.36069,1.35237,1.35593,37498,8
2021-11-10,1.35595,1.35644,1.33986,1.34116,52721,8
2021-11-11,1.34114,1.34328,1.33576,1.33642,39602,8
2021-11-12,1.33644,1.3425799999999999,1.3353,1.34127,31535,8
2021-11-14,1.34115,1.3418,1.34062,1.34148,1581,0
2021-11-15,1.34155,1.34487,1.34027,1.3409499999999999,34014,8
2021-11-16,1.34098,1.34724,1.34098,1.34246,42987,8
2021-11-17,1.3424800000000001,1.34957,1.33941,1.34879,48148,8
2021-11-18,1.34881,1.35132,1.34635,1.34985,38258,8
2021-11-19,1.34982,1.35093,1.34069,1.34427,56768,8
2021-11-21,1.34483,1.3449,1.34295,1.34324,1676,0
2021-11-22,1.34326,1.34493,1.33839,1.33968,51812,8
2021-11-23,1.33969,1.34091,1.33405,1.33746,50646,8
2021-11-24,1.33748,1.33893,1.3315299999999999,1.33292,48117,8
2021-11-25,1.33294,1.33531,1.3305,1.3311899999999999,26339,8
2021-11-26,1.33121,1.33555,1.32771,1.33297,63772,8
2021-11-28,1.33345,1.33433,1.33253,1.33399,3224,0
2021-11-29,1.3339699999999999,1.33625,1.3287,1.33137,44580,8
2021-11-30,1.33138,1.33701,1.31924,1.32948,84061,8
2021-12-01,1.3295,1.33517,1.32613,1.3277,58772,8
2021-12-02,1.32771,1.33332,1.32711,1.3299,50176,8
2021-12-03,1.32992,1.33093,1.32065,1.32337,58775,8
2021-12-05,1.32349,1.32439,1.3225799999999999,1.32345,1669,0
2021-12-06,1.3235000000000001,1.32857,1.32221,1.32618,39606,8
2021-12-07,1.3262,1.3289,1.32069,1.3244799999999999,40383,8
2021-12-08,1.32449,1.32609,1.31595,1.32085,55075,8
2021-12-09,1.32083,1.32239,1.31694,1.32236,38308,8
2021-12-10,1.32237,1.3275000000000001,1.31867,1.32653,39655,8
2021-12-12,1.32505,1.32593,1.32505,1.32564,1243,0
2021-12-13,1.3256299999999999,1.32683,1.3204799999999999,1.32126,36953,8
2021-12-14,1.32124,1.32562,1.31906,1.3229199999999999,33101,8
2021-12-15,1.3229,1.32823,1.31715,1.32618,57681,8
2021-12-16,1.3262,1.3374,1.32409,1.33221,61262,8
2021-12-17,1.33223,1.33391,1.32308,1.32358,41869,8
2021-12-19,1.3234,1.32385,1.32216,1.32284,1608,0
2021-12-20,1.32286,1.32443,1.3171599999999999,1.32089,38220,8
2021-12-21,1.32091,1.32706,1.31969,1.32678,32953,8
2021-12-22,1.32681,1.33629,1.32383,1.33503,32664,8
2021-12-23,1.33501,1.34374,1.3342399999999999,1.34049,29329,8
2021-12-24,1.3403399999999999,1.34147,1.33791,1.33868,26551,24
2021-12-26,1.3384,1.34074,1.33825,1.34022,956,0
2021-12-27,1.3402,1.34448,1.33913,1.3441,18484,8
2021-12-28,1.3441100000000001,1.34611,1.34145,1.34327,17989,8
2021-12-29,1.34326,1.3498999999999999,1.34084,1.34964,24238,8
2021-12-30,1.3496299999999999,1.35213,1.3454,1.34969,25844,8
2021-12-31,1.34967,1.35498,1.3465099999999999,1.35325,28666,8
2022-01-02,1.35239,1.35334,1.35199,1.35211,896,0
2022-01-03,1.35209,1.35293,1.34305,1.34818,32618,8
2022-01-04,1.34819,1.35568,1.34591,1.35297,33559,8
2022-01-05,1.3529499999999999,1.35982,1.35222,1.35544,37511,8
2022-01-06,1.3554300000000001,1.35587,1.34898,1.35325,40476,8
2022-01-07,1.35323,1.35971,1.35272,1.35907,34502,8
2022-01-09,1.3581400000000001,1.35913,1.35744,1.3591,1562,0
2022-01-10,1.3590900000000001,1.3603100000000001,1.35316,1.35791,35533,8
2022-01-11,1.35789,1.36362,1.35612,1.36322,37793,8
2022-01-12,1.36323,1.3714,1.36203,1.37055,34352,8
2022-01-13,1.37054,1.37485,1.37003,1.37126,36242,8
2022-01-14,1.37124,1.37425,1.36529,1.36769,41869,8
2022-01-16,1.36738,1.36754,1.36647,1.36724,1668,0
2022-01-17,1.36725,1.36894,1.36353,1.36467,28716,8
2022-01-18,1.36469,1.36608,1.35724,1.3599,48834,8
2022-01-19,1.35992,1.36484,1.35874,1.36082,42562,8
2022-01-20,1.36084,1.36613,1.35864,1.3596300000000001,42843,8
2022-01-21,1.35965,1.36015,1.35447,1.35538,46668,8
2022-01-23,1.35467,1.35545,1.35455,1.35544,1454,0
2022-01-24,1.35545,1.3565,1.34394,1.34877,52946,8
2022-01-25,1.3488,1.35182,1.34352,1.3509,48590,8
2022-01-26,1.35093,1.35244,1.3444,1.34667,56122,8
2022-01-27,1.34666,1.34667,1.33574,1.33867,57494,8
2022-01-28,1.33868,1.34324,1.33648,1.33969,51235,8
2022-01-30,1.3390900000000001,1.34026,1.33861,1.34022,1869,0
2022-01-31,1.3402,1.346,1.33915,1.34443,44743,8
2022-02-01,1.34442,1.35275,1.34338,1.3524,40590,8
2022-02-02,1.35237,1.3587099999999999,1.35163,1.35637,37441,8
2022-02-03,1.35636,1.36274,1.35378,1.35975,67715,8
2022-02-04,1.3597299999999999,1.36142,1.35043,1.35285,57525,8
2022-02-06,1.35311,1.35365,1.35255,1.3532199999999999,902,0
2022-02-07,1.35323,1.35504,1.34898,1.3536299999999999,41575,8
2022-02-08,1.35365,1.35637,1.35073,1.3546,32972,8
2022-02-09,1.35461,1.35888,1.35263,1.35321,59838,0
2022-02-10,1.3532,1.36432,1.35229,1.3548499999999999,62764,8
2022-02-11,1.35484,1.36089,1.35124,1.3559700000000001,77930,8
2022-02-13,1.35488,1.3571,1.35471,1.35684,2534,0
2022-02-14,1.35686,1.35714,1.34935,1.35318,59283,8
2022-02-15,1.3532,1.3566500000000001,1.34853,1.35399,47488,8
2022-02-16,1.35397,1.36006,1.35382,1.35813,43084,8
2022-02-17,1.35815,1.36376,1.35547,1.36141,60576,8
2022-02-18,1.3614,1.3642400000000001,1.35728,1.35907,43563,8
2022-02-20,1.35887,1.3597000000000001,1.35831,1.3590900000000001,1537,0
2022-02-21,1.35908,1.36381,1.3580999999999999,1.35941,37672,8
2022-02-22,1.35944,1.36043,1.35379,1.35879,47349,8
2022-02-23,1.35881,1.36203,1.3535300000000001,1.3544399999999999,40203,8
2022-02-24,1.35446,1.35462,1.3272300000000001,1.3371,106706,8
2022-02-25,1.33712,1.34379,1.33663,1.3411,64429,8
2022-02-27,1.3329,1.33738,1.33256,1.3371,5264,0
2022-02-28,1.33716,1.3431199999999999,1.33411,1.34215,68694,8
2022-03-01,1.34212,1.34368,1.33015,1.33349,61581,8
2022-03-02,1.33347,1.34066,1.32711,1.33957,75235,8
2022-03-03,1.33959,1.34173,1.33171,1.33501,56785,8
2022-03-04,1.33499,1.33507,1.32019,1.32369,69503,8
2022-03-06,1.32215,1.32356,1.31999,1.32111,5184,0
2022-03-07,1.3211300000000001,1.3228,1.30983,1.31129,99771,8
2022-03-08,1.3113000000000001,1.31441,1.30808,1.3098,97384,8
2022-03-09,1.30982,1.31895,1.30978,1.31843,63574,8
2022-03-10,1.31841,1.31941,1.30786,1.31022,70027,8
2022-03-11,1.31021,1.31246,1.3026900000000001,1.30378,63720,8
2022-03-13,1.30371,1.3052000000000001,1.30275,1.3049,3850,0
2022-03-14,1.30491,1.30788,1.29971,1.30093,50351,8
2022-03-15,1.30095,1.3088199999999999,1.29999,1.30436,58426,8
2022-03-16,1.30438,1.31561,1.30354,1.31395,74896,8
2022-03-17,1.31396,1.32104,1.30871,1.31581,59537,8
2022-03-18,1.3158400000000001,1.31965,1.31104,1.31779,46136,8
2022-03-20,1.3171300000000001,1.31763,1.3158400000000001,1.3159100000000001,2751,0
2022-03-21,1.31593,1.32094,1.31253,1.31686,46210,8
2022-03-22,1.31688,1.32731,1.31196,1.32652,52107,8
2022-03-23,1.32654,1.32912,1.31748,1.3204799999999999,42699,8
2022-03-24,1.32051,1.32138,1.31559,1.31937,51753,8
2022-03-25,1.31938,1.32244,1.31588,1.31812,46356,8
2022-03-27,1.31751,1.3183,1.31684,1.31725,2277,0
2022-03-28,1.31726,1.31761,1.30656,1.30988,61537,8
2022-03-29,1.30989,1.31593,1.30504,1.30925,78145,8
2022-03-30,1.30923,1.31821,1.30883,1.31369,61004,8
2022-03-31,1.31371,1.31753,1.31042,1.3145,61561,8
2022-04-01,1.31452,1.3146499999999999,1.3086,1.31138,44020,8
2022-04-03,1.30995,1.31097,1.3096,1.31041,2076,0
2022-04-04,1.31042,1.31366,1.30927,1.31122,35707,8
2022-04-05,1.31124,1.31665,1.30664,1.3076400000000001,45962,8
2022-04-06,1.30765,1.3107199999999999,1.30432,1.30688,59181,8
2022-04-07,1.3069,1.3106200000000001,1.30512,1.30682,47517,8
2022-04-08,1.30685,1.30769,1.29817,1.30358,38886,8
2022-04-10,1.30271,1.30392,1.30234,1.3029600000000001,2722,0
2022-04-11,1.30297,1.30563,1.29887,1.30223,45386,8
2022-04-12,1.30222,1.30537,1.2993299999999999,1.30013,52021,8
2022-04-13,1.30014,1.31227,1.29705,1.31181,46457,8
2022-04-14,1.3118400000000001,1.31471,1.3033000000000001,1.30629,54142,8
2022-04-15,1.30616,1.30705,1.30417,1.30505,24849,44
2022-04-17,1.3048,1.30641,1.30466,1.30564,2878,0
2022-04-18,1.30566,1.30573,1.30002,1.30073,30207,8
2022-04-19,1.30071,1.30404,1.29787,1.30133,45964,8
2022-04-20,1.30136,1.3073299999999999,1.29961,1.30676,47366,8
2022-04-21,1.30679,1.30898,1.30221,1.30241,49506,8
2022-04-22,1.30243,1.30325,1.28225,1.2837100000000001,58696,8
2022-04-24,1.28321,1.28388,1.28254,1.28277,3416,0
2022-04-25,1.2828,1.28293,1.26966,1.27374,74532,8
2022-04-26,1.27376,1.27713,1.2558099999999999,1.25809,58039,8
2022-04-27,1.25812,1.2601200000000001,1.25022,1.25394,65239,8
2022-04-28,1.2539500000000001,1.25693,1.24108,1.24645,77432,8
2022-04-29,1.24647,1.26142,1.24647,1.25749,65895,8
2022-05-01,1.2579099999999999,1.25875,1.25691,1.25699,3755,0
2022-05-02,1.25702,1.2597,1.24725,1.24991,52006,8
2022-05-03,1.24992,1.25666,1.24701,1.24982,57719,8
2022-05-04,1.2498,1.2637800000000001,1.24513,1.2616,90981,8
2022-05-05,1.2616100000000001,1.26327,1.23246,1.2362,101900,8
2022-05-06,1.23622,1.23796,1.2275800000000001,1.23365,105813,8
2022-05-08,1.2339,1.23434,1.23241,1.23252,3772,0
2022-05-09,1.23255,1.24055,1.22601,1.23354,78548,8
2022-05-10,1.23356,1.23753,1.22915,1.23067,80022,8
2022-05-11,1.23069,1.23998,1.22316,1.2233,99178,8
2022-05-12,1.22332,1.22482,1.21639,1.22039,100012,8
2022-05-13,1.22041,1.22604,1.21543,1.22598,62126,8
2022-05-15,1.22386,1.22655,1.2238,1.22566,4319,0
2022-05-16,1.22568,1.23291,1.22166,1.23252,64198,8
2022-05-17,1.23254,1.24986,1.23203,1.24866,79706,8
2022-05-18,1.24866,1.25004,1.23294,1.23437,63511,8
2022-05-19,1.2343899999999999,1.25241,1.23376,1.24625,93125,8
2022-05-20,1.24627,1.2499500000000001,1.24371,1.24929,67457,8
2022-05-22,1.24765,1.25092,1.2474,1.25028,3258,0
2022-05-23,1.2503,1.26007,1.2499500000000001,1.25664,59612,8
2022-05-24,1.25667,1.25983,1.24714,1.2541,72121,8
2022-05-25,1.25412,1.25939,1.24807,1.25855,72318,8
2022-05-26,1.25857,1.26204,1.25514,1.2616399999999999,59566,8
2022-05-27,1.26165,1.26662,1.25855,1.26302,53196,8
2022-05-29,1.26146,1.26339,1.26117,1.26234,1818,0
2022-05-30,1.26238,1.26593,1.26159,1.26453,36970,8
2022-05-31,1.26455,1.26481,1.25601,1.26089,65247,8
2022-06-01,1.26092,1.26163,1.24581,1.24832,60602,8
2022-06-02,1.24834,1.25861,1.24688,1.25779,45898,8
2022-06-03,1.25781,1.25894,1.24851,1.24882,40548,8
2022-06-05,1.24856,1.2502,1.24816,1.24895,2333,0
2022-06-06,1.24897,1.2577099999999999,1.24763,1.2523,49064,8
2022-06-07,1.25231,1.2599,1.24299,1.2587,61962,8
2022-06-08,1.25872,1.25889,1.25129,1.25399,54648,8
2022-06-09,1.25401,1.2558,1.24837,1.2492,71398,8
2022-06-10,1.24922,1.25171,1.23007,1.23146,75295,8
2022-06-12,1.23142,1.23166,1.22716,1.22765,6375,0
2022-06-13,1.22766,1.2300200000000001,1.21069,1.2141899999999999,100892,8
2022-06-14,1.2142,1.22075,1.19336,1.20102,114486,8
2022-06-15,1.20105,1.22045,1.1989,1.21741,164310,8
2022-06-16,1.21744,1.24063,1.2041,1.2349700000000001,155332,8
2022-06-17,1.2349999999999999,1.23526,1.21722,1.22189,112650,8
2022-06-19,1.22194,1.22312,1.22068,1.22273,4811,0
2022-06-20,1.22275,1.228,1.21989,1.22478,66268,8
2022-06-21,1.2248,1.2324,1.22444,1.22634,70242,8
2022-06-22,1.2263600000000001,1.23142,1.21601,1.22517,86357,8
2022-06-23,1.22519,1.2294,1.21695,1.22594,96076,8
2022-06-24,1.22596,1.23201,1.22406,1.22744,72846,8
2022-06-26,1.22645,1.22962,1.22605,1.22821,4601,0
2022-06-27,1.22823,1.23313,1.22376,1.22659,69971,8
2022-06-28,1.2266,1.2291,1.21747,1.21872,73869,8
2022-06-29,1.21874,1.22128,1.21052,1.21285,82933,8
2022-06-30,1.21286,1.21882,1.20917,1.21598,84868,8
2022-07-01,1.21601,1.21611,1.19754,1.20961,86631,8
2022-07-03,1.20961,1.2122,1.20925,1.20995,3766,0
2022-07-04,1.20996,1.21647,1.20844,1.21131,48385,8
2022-07-05,1.21132,1.21248,1.18982,1.19509,93217,8
2022-07-06,1.1951,1.19889,1.1875499999999999,1.1921599999999999,115895,8
2022-07-07,1.19218,1.20331,1.19086,1.20285,86834,8
2022-07-08,1.20288,1.20557,1.19192,1.20323,97441,8
2022-07-10,1.20122,1.20363,1.20118,1.20166,3426,0
2022-07-11,1.20169,1.20194,1.18661,1.1898900000000001,78027,8
2022-07-12,1.1899,1.19154,1.1807,1.18773,89409,8
2022-07-13,1.18771,1.19666,1.1827,1.1863299999999999,114707,8
2022-07-14,1.18635,1.18839,1.17597,1.18404,116198,8
2022-07-15,1.18404,1.18741,1.1804000000000001,1.18676,91462,8
2022-07-17,1.18591,1.18904,1.1858,1.18895,4238,0
2022-07-18,1.18893,1.2033,1.18739,1.1948400000000001,75666,8
2022-07-19,1.19485,1.2045,1.19246,1.20019,81616,8
2022-07-20,1.20021,1.20371,1.1953,1.19673,81223,8
2022-07-21,1.19674,1.20034,1.18887,1.1994799999999999,105594,8
2022-07-22,1.1995,1.20636,1.19158,1.20056,99655,8
2022-07-24,1.1993,1.20101,1.19846,1.19849,4082,0
2022-07-25,1.19851,1.20861,1.19601,1.20533,75617,8
2022-07-26,1.20535,1.20899,1.19634,1.2035,74595,8
2022-07-27,1.20352,1.21858,1.20201,1.21614,92956,8
2022-07-28,1.21618,1.2191,1.2103,1.21721,98733,8
2022-07-29,1.2172399999999999,1.22452,1.20627,1.21773,96461,8
2022-07-31,1.21714,1.21747,1.21561,1.21673,4162,0
2022-08-01,1.21675,1.22931,1.21625,1.22565,79503,8
2022-08-02,1.22566,1.22787,1.21395,1.2142,97736,8
2022-08-03,1.21425,1.22073,1.20997,1.21374,90668,8
2022-08-04,1.21376,1.2217,1.2065,1.21578,94499,8
2022-08-05,1.2158,1.21686,1.2003,1.20693,84095,8
2022-08-07,1.20645,1.2067,1.2056499999999999,1.20606,3106,0
2022-08-08,1.20607,1.21371,1.20471,1.20846,53014,8
2022-08-09,1.20849,1.21298,1.20627,1.2071,49909,8
2022-08-10,1.20712,1.22764,1.20647,1.22099,78036,8
2022-08-11,1.22101,1.2248999999999999,1.2181899999999999,1.21942,73845,8
2022-08-12,1.21944,1.22161,1.20984,1.21344,64936,8
2022-08-14,1.2124,1.21384,1.2124,1.21265,2557,0
2022-08-15,1.21268,1.21478,1.20441,1.20559,58541,8
2022-08-16,1.2056,1.21174,1.2006999999999999,1.20941,61092,8
2022-08-17,1.20943,1.21412,1.20276,1.20448,78599,8
2022-08-18,1.2045,1.20793,1.19223,1.19299,71321,8
2022-08-19,1.19302,1.1933,1.17917,1.18286,63793,8
2022-08-21,1.18157,1.18282,1.18108,1.18185,3408,0
2022-08-22,1.18187,1.18363,1.17418,1.17649,63058,8
2022-08-23,1.17652,1.18774,1.1716199999999999,1.1829399999999999,83502,8
2022-08-24,1.18296,1.1835,1.1755200000000001,1.17899,71331,8
2022-08-25,1.17902,1.1864,1.1783299999999999,1.18224,72065,8
2022-08-26,1.18226,1.19004,1.17331,1.1739,91235,8
2022-08-28,1.17283,1.17305,1.16833,1.16881,4051,0
2022-08-29,1.16883,1.17435,1.1648,1.17211,76464,8
2022-08-30,1.17212,1.176,1.16208,1.1658,87780,8
2022-08-31,1.16581,1.16934,1.15927,1.15966,86997,8
2022-09-01,1.1596899999999999,1.16162,1.14982,1.15466,88738,8
2022-09-02,1.15467,1.15883,1.14955,1.15125,87877,8
2022-09-04,1.14787,1.14895,1.14618,1.14723,4852,0
2022-09-05,1.14725,1.1565400000000001,1.14426,1.15639,57550,8
2022-09-06,1.15641,1.16087,1.14935,1.1509800000000001,92811,8
2022-09-07,1.151,1.15402,1.14049,1.15217,86973,8
2022-09-08,1.15219,1.15601,1.146,1.15198,107495,8
2022-09-09,1.15199,1.16476,1.15152,1.15881,78081,8
2022-09-11,1.16217,1.1636199999999999,1.16022,1.16194,4803,0
2022-09-12,1.16197,1.171,1.16003,1.1688399999999999,72760,8
2022-09-13,1.16887,1.17378,1.14802,1.15018,99502,8
2022-09-14,1.15021,1.15894,1.14779,1.1544,91568,8
2022-09-15,1.15442,1.1547399999999999,1.14505,1.14514,65727,8
2022-09-16,1.1451500000000001,1.14801,1.13492,1.14202,79837,8
2022-09-18,1.14107,1.14405,1.14102,1.14337,3498,0
2022-09-19,1.14339,1.14451,1.1355,1.14441,48257,8
2022-09-20,1.14443,1.14603,1.13569,1.13802,72034,8
2022-09-21,1.13803,1.1384400000000001,1.12348,1.12567,123895,8
2022-09-22,1.1257,1.13641,1.12098,1.12622,135655,8
2022-09-23,1.12623,1.12733,1.08392,1.08489,134066,8
2022-09-25,1.07997,1.08457,1.07793,1.07927,18439,0
2022-09-26,1.07927,1.09306,1.03541,1.07661,367385,8
2022-09-27,1.07663,1.08375,1.06586,1.07257,169127,8
2022-09-28,1.07258,1.0915300000000001,1.05391,1.08305,264522,8
2022-09-29,1.08307,1.12022,1.07619,1.1171,213855,8
2022-09-30,1.11707,1.12339,1.10249,1.11619,198728,8
2022-10-02,1.11625,1.11925,1.11276,1.1135,9434,0
2022-10-03,1.11352,1.13409,1.10854,1.13377,162968,8
2022-10-04,1.13379,1.1489,1.12802,1.14502,165554,8
2022-10-05,1.14503,1.14946,1.12267,1.13552,155705,8
2022-10-06,1.13555,1.13824,1.11117,1.11608,138143,8
2022-10-07,1.11609,1.12247,1.10552,1.10926,150149,8
2022-10-09,1.10822,1.10901,1.10604,1.1072,7423,0
2022-10-10,1.10723,1.11108,1.10189,1.10784,121610,8
2022-10-11,1.10786,1.11793,1.09525,1.09634,169668,8
2022-10-12,1.09636,1.11335,1.0923,1.11005,204774,8
2022-10-13,1.11006,1.13802,1.10568,1.1301,223612,8
2022-10-14,1.13012,1.1365,1.11515,1.11788,204761,8
2022-10-16,1.12145,1.1248,1.12059,1.12411,7960,0
2022-10-17,1.12413,1.14375,1.1215600000000001,1.1351499999999999,145568,8
2022-10-18,1.13517,1.14097,1.12545,1.13419,158451,8
2022-10-19,1.13422,1.13504,1.11847,1.12064,134418,8
2022-10-20,1.12066,1.13362,1.11708,1.1221,172478,8
2022-10-21,1.12213,1.13144,1.10594,1.12964,231504,8
2022-10-23,1.13733,1.14065,1.13068,1.1335600000000001,59810,0
2022-10-24,1.13357,1.13822,1.12576,1.13053,190103,8
2022-10-25,1.13056,1.14989,1.12703,1.14582,131033,8
2022-10-26,1.14584,1.16399,1.14302,1.16385,157929,8
2022-10-27,1.1638600000000001,1.16451,1.1548,1.1564,167389,8
2022-10-28,1.15642,1.16232,1.15029,1.16144,144086,8
2022-10-30,1.15853,1.16044,1.15816,1.15945,4855,0
2022-10-31,1.15946,1.16132,1.14579,1.1467,98022,8
2022-11-01,1.14672,1.1565699999999999,1.14367,1.14881,119249,8
2022-11-02,1.14883,1.15644,1.13748,1.13831,145368,8
2022-11-03,1.13833,1.14215,1.11477,1.11697,145950,8
2022-11-04,1.117,1.13819,1.11454,1.13738,162626,8
2022-11-06,1.1309,1.13394,1.13042,1.13296,3736,0
2022-11-07,1.13303,1.15412,1.12902,1.15124,126470,8
2022-11-08,1.15122,1.15987,1.14286,1.15513,108691,8
2022-11-09,1.15511,1.15668,1.13334,1.13674,148270,8
2022-11-10,1.13673,1.17311,1.13628,1.1694,169223,8
2022-11-11,1.16939,1.18542,1.16469,1.18334,151486,8
2022-11-13,1.18081,1.18086,1.17644,1.17964,3858,0
2022-11-14,1.17961,1.18286,1.17096,1.1751,129912,8
2022-11-15,1.17512,1.20263,1.1740599999999999,1.1879,200015,8
2022-11-16,1.18791,1.19418,1.1831,1.19135,149199,8
2022-11-17,1.19136,1.19574,1.17621,1.18582,127847,8
2022-11-18,1.18584,1.19503,1.18581,1.18844,104661,8
2022-11-20,1.189,1.1895,1.18789,1.18848,1844,0
2022-11-21,1.18849,1.18859,1.17781,1.18259,95537,8
2022-11-22,1.18261,1.19025,1.18218,1.1893,86426,8
2022-11-23,1.18929,1.20804,1.18722,1.20764,97122,8
2022-11-24,1.20763,1.2153100000000001,1.2058200000000001,1.21119,75952,8
2022-11-25,1.21118,1.21271,1.20576,1.2089699999999999,101095,8
2022-11-27,1.2064,1.20646,1.20464,1.2053,2017,0
2022-11-28,1.20535,1.21177,1.1939899999999999,1.19589,102372,8
2022-11-29,1.1959,1.2064,1.19402,1.19456,107678,8
2022-11-30,1.19458,1.20865,1.19001,1.20746,132150,8
2022-12-01,1.20745,1.23103,1.20691,1.2258,132537,8
2022-12-02,1.22578,1.22995,1.21343,1.22916,127298,8
2022-12-04,1.22761,1.22961,1.22694,1.22957,2267,0
2022-12-05,1.22954,1.23441,1.21612,1.21914,104554,8
2022-12-06,1.21917,1.2269,1.21229,1.2132100000000001,103169,8
2022-12-07,1.2132,1.2234099999999999,1.21056,1.22079,109695,8
2022-12-08,1.22092,1.2247,1.21538,1.22336,82588,8
2022-12-09,1.22333,1.23222,1.22043,1.2264,96562,8
2022-12-11,1.2255,1.22598,1.22316,1.22343,1558,0
2022-12-12,1.22353,1.22984,1.22062,1.22686,77981,8
2022-12-13,1.22684,1.24437,1.22479,1.23543,128721,0
2022-12-14,1.23541,1.24464,1.23409,1.2418,147218,8
2022-12-15,1.2417799999999999,1.2425,1.2156,1.21902,130455,8
2022-12-16,1.219,1.22228,1.21195,1.21362,109746,8
2022-12-18,1.21455,1.21676,1.21452,1.21588,1062,0
2022-12-19,1.2159,1.22415,1.2120199999999999,1.21538,91159,8
2022-12-20,1.2154,1.22233,1.20851,1.21879,149861,0
2022-12-21,1.21877,1.21893,1.20548,1.20759,91218,8
2022-12-22,1.20757,1.21471,1.1992099999999999,1.20374,85683,0
2022-12-23,1.20373,1.20898,1.20183,1.20502,84888,8
2022-12-25,1.20624,1.20641,1.20506,1.20614,574,0
2022-12-26,1.2063,1.20877,1.20466,1.20779,27956,0
2022-12-27,1.20785,1.21121,1.2002,1.20261,70774,8
2022-12-28,1.20264,1.21243,1.2002,1.20259,77389,0
2022-12-29,1.20274,1.20783,1.20143,1.20548,70915,0
2022-12-30,1.20547,1.21073,1.2009400000000001,1.20948,95629,8
2023-01-01,1.20695,1.20886,1.20496,1.20877,790,0
2023-01-02,1.20932,1.20963,1.20286,1.20574,18913,0
2023-01-03,1.20578,1.20844,1.18991,1.19659,104095,8
2023-01-04,1.19657,1.20869,1.19652,1.20558,104245,8
2023-01-05,1.20556,1.20778,1.18729,1.19086,101067,8
2023-01-06,1.19088,1.20988,1.18408,1.20932,124380,8
2023-01-08,1.20805,1.21193,1.20802,1.21193,1346,0
2023-01-09,1.2119,1.22096,1.2093099999999999,1.21834,104137,8
2023-01-10,1.21835,1.21976,1.21096,1.2153100000000001,105479,8
2023-01-11,1.21532,1.21779,1.20999,1.21567,80413,8
2023-01-12,1.2158,1.22464,1.20876,1.22161,134076,8
2023-01-13,1.22163,1.22481,1.21501,1.22309,92317,8
2023-01-15,1.22108,1.22322,1.22106,1.22229,996,0
2023-01-16,1.22231,1.22888,1.21712,1.22061,61654,8
2023-01-17,1.22067,1.22993,1.21682,1.22831,111557,8
2023-01-18,1.2283,1.24354,1.2254800000000001,1.2346300000000001,132811,8
2023-01-19,1.23464,1.2397,1.23119,1.23919,94761,8
2023-01-20,1.23918,1.2404,1.2335,1.23974,77992,8
2023-01-22,1.23942,1.24124,1.23926,1.2405599999999999,958,0
2023-01-23,1.24058,1.24474,1.23233,1.23782,80030,0
2023-01-24,1.23784,1.24135,1.2261199999999999,1.2331,81187,8
2023-01-25,1.23311,1.24166,1.22826,1.24099,75488,0
2023-01-26,1.24098,1.2429999999999999,1.23442,1.24136,80526,8
2023-01-27,1.24138,1.24179,1.2345,1.23946,64652,8
2023-01-29,1.23844,1.23999,1.23775,1.23999,813,0
2023-01-30,1.23998,1.2416800000000001,1.23366,1.23492,70737,8
2023-01-31,1.23494,1.23706,1.22837,1.23079,76793,8
2023-02-01,1.23078,1.23993,1.22718,1.23871,99556,0
2023-02-02,1.2387299999999999,1.24,1.22178,1.22204,115174,8
2023-02-03,1.22202,1.22653,1.20473,1.20525,102070,0
2023-02-05,1.2031100000000001,1.20553,1.2028699999999999,1.20431,1753,0
2023-02-06,1.2043,1.2077,1.20051,1.20257,77632,8
2023-02-07,1.20258,1.20949,1.19608,1.20533,105013,8
2023-02-08,1.20532,1.21091,1.20379,1.20701,67576,8
2023-02-09,1.20703,1.21934,1.20566,1.21151,67537,0
2023-02-10,1.21153,1.21389,1.20466,1.20568,74840,8
2023-02-12,1.20609,1.20613,1.20448,1.20508,785,12
2023-02-13,1.2051,1.2151399999999999,1.20302,1.21501,57974,8
2023-02-14,1.21499,1.22693,1.21168,1.21717,116422,8
2023-02-15,1.21732,1.21814,1.19893,1.20365,84447,8
2023-02-16,1.20366,1.20737,1.19651,1.19736,84236,8
2023-02-17,1.1973799999999999,1.20489,1.1914500000000001,1.20416,75610,8
2023-02-19,1.2021,1.20359,1.2021,1.20285,805,12
2023-02-20,1.2028699999999999,1.20558,1.20142,1.20381,28904,8
2023-02-21,1.20378,1.2147000000000001,1.19855,1.21086,94311,8
2023-02-22,1.21088,1.21352,1.20341,1.20464,85165,8
2023-02-23,1.20467,1.20743,1.19919,1.20163,71059,8
2023-02-24,1.20161,1.20416,1.19278,1.19397,88588,8
2023-02-26,1.19447,1.19528,1.19379,1.19495,596,12
2023-02-27,1.19496,1.20658,1.19223,1.20617,70692,8
2023-02-28,1.20618,1.21429,1.20064,1.20324,74556,8
2023-03-01,1.20325,1.20884,1.19648,1.20259,91659,8
2023-03-02,1.20257,1.20359,1.19244,1.1949,85779,8
2023-03-03,1.19488,1.20482,1.1948,1.20436,67390,8
2023-03-05,1.20228,1.20362,1.20188,1.20256,648,40
2023-03-06,1.20271,1.20483,1.19924,1.20246,60733,8
2023-03-07,1.20244,1.2064300000000001,1.18165,1.1825,94516,8
2023-03-08,1.18264,1.18587,1.1801599999999999,1.18487,75327,8
2023-03-09,1.18489,1.19384,1.18317,1.19224,68446,8
2023-03-10,1.19222,1.21132,1.19075,1.20321,137074,8
2023-03-12,1.20607,1.21035,1.20576,1.20753,14579,12
2023-03-13,1.20755,1.2199200000000001,1.2046000000000001,1.21665,168115,8
2023-03-14,1.21667,1.22033,1.21352,1.2150400000000001,139542,8
2023-03-15,1.21502,1.21812,1.201,1.20667,160162,8
2023-03-16,1.20668,1.21274,1.20269,1.21093,120528,8
2023-03-17,1.21094,1.22,1.21015,1.2179,70888,8
2023-03-19,1.21987,1.2203,1.21761,1.21866,2304,12
2023-03-20,1.21868,1.22845,1.21666,1.22735,71965,8
2023-03-21,1.22737,1.22822,1.21784,1.2224599999999999,51228,8
2023-03-22,1.22248,1.23349,1.22081,1.22772,83179,8
2023-03-23,1.22774,1.2343,1.22613,1.22801,80250,8
2023-03-24,1.228,1.22882,1.21899,1.22302,70892,8
2023-03-26,1.22207,1.22495,1.22202,1.22446,1539,12
2023-03-27,1.22448,1.22976,1.22187,1.22959,52080,8
2023-03-28,1.22961,1.23489,1.22807,1.23294,44968,8
2023-03-29,1.23297,1.23613,1.22998,1.23096,56498,8
2023-03-30,1.23099,1.23927,1.22933,1.23858,52217,8
2023-03-31,1.23861,1.24226,1.23237,1.23293,51887,8
2023-04-02,1.23178,1.23284,1.22837,1.22855,2378,12
2023-04-03,1.22859,1.2425,1.2274,1.24199,55301,8
2023-04-04,1.242,1.2525,1.23948,1.24989,60175,8
2023-04-05,1.24987,1.25138,1.24321,1.2462,56084,8
2023-04-06,1.24622,1.24864,1.24122,1.24333,44347,8
2023-04-07,1.24332,1.24525,1.23884,1.24059,18492,16
2023-04-09,1.24079,1.2431,1.24005,1.24303,971,12
2023-04-10,1.24305,1.2442199999999999,1.2344,1.23909,36763,8
2023-04-11,1.23911,1.24558,1.2386300000000001,1.2429000000000001,47969,8
2023-04-12,1.24292,1.24948,1.23981,1.24915,54938,8
2023-04-13,1.24916,1.25369,1.24758,1.2524,50256,8
2023-04-14,1.2524199999999999,1.2546,1.23987,1.2414399999999999,57152,8
2023-04-16,1.24061,1.24174,1.23977,1.24009,742,12
2023-04-17,1.24011,1.24377,1.23529,1.2373,50484,8
2023-04-18,1.23732,1.24494,1.23672,1.2424,46961,8
2023-04-19,1.24242,1.24738,1.2392,1.24275,51128,8
2023-04-20,1.24279,1.24671,1.24044,1.244,48179,8
2023-04-21,1.24401,1.24477,1.23667,1.2442199999999999,48583,8
2023-04-23,1.24319,1.24514,1.24312,1.24472,782,12
2023-04-24,1.24474,1.24992,1.24102,1.24984,42465,8
2023-04-25,1.24986,1.25069,1.23864,1.24136,49631,8
2023-04-26,1.24138,1.2515,1.24024,1.24703,58778,8
2023-04-27,1.24705,1.24991,1.24359,1.24965,58967,8
2023-04-28,1.24966,1.25835,1.2446,1.25666,69066,8
2023-04-30,1.25522,1.25685,1.25522,1.25576,1210,12
2023-05-01,1.2557800000000001,1.25686,1.248,1.24842,45065,8
2023-05-02,1.24844,1.2511700000000001,1.24352,1.2476,60329,8
2023-05-03,1.24762,1.25896,1.24676,1.25683,67204,8
2023-05-04,1.25685,1.25982,1.25477,1.25824,73942,8
2023-05-05,1.25826,1.26519,1.25573,1.26311,50974,8
2023-05-07,1.26251,1.26341,1.26224,1.2629299999999999,1111,12
2023-05-08,1.26295,1.26684,1.26064,1.2612,33010,8
2023-05-09,1.26118,1.26394,1.25777,1.26239,43154,8
2023-05-10,1.26239,1.26795,1.26021,1.26253,45782,8
2023-05-11,1.26254,1.26404,1.24963,1.25071,56047,8
2023-05-12,1.25072,1.25403,1.24443,1.24476,41033,8
2023-05-14,1.24458,1.24513,1.24374,1.2450700000000001,724,12
2023-05-15,1.24509,1.25342,1.24448,1.25243,34721,8
2023-05-16,1.2524600000000001,1.25451,1.24649,1.24839,44763,8
2023-05-17,1.24836,1.25098,1.24212,1.24817,44902,8
2023-05-18,1.24819,1.24926,1.23911,1.24111,42885,8
2023-05-19,1.24113,1.24835,1.23917,1.24452,51981,8
2023-05-21,1.24362,1.24606,1.24362,1.24603,905,12
2023-05-22,1.2460499999999999,1.24719,1.24135,1.24334,49078,8
2023-05-23,1.24335,1.24461,1.23726,1.24158,53916,8
2023-05-24,1.24159,1.24685,1.23518,1.23694,62562,8
2023-05-25,1.23696,1.23864,1.23077,1.23162,52115,8
2023-05-26,1.23161,1.23948,1.2310699999999999,1.23472,51276,8
2023-05-28,1.23325,1.23503,1.23316,1.23449,946,12
2023-05-29,1.23451,1.23714,1.23348,1.23472,18957,8
2023-05-30,1.2347299999999999,1.24461,1.23268,1.24118,51846,8
2023-05-31,1.2412,1.2449,1.23476,1.24449,59362,8
2023-06-01,1.24451,1.25391,1.24005,1.25258,54022,8
2023-06-02,1.2526,1.25442,1.24411,1.24497,48965,8
2023-06-04,1.24421,1.24478,1.24267,1.24297,1086,12
2023-06-05,1.24299,1.24432,1.23681,1.24316,46104,8
2023-06-06,1.24319,1.24581,1.23913,1.24287,43455,8
2023-06-07,1.2429000000000001,1.24998,1.23946,1.24438,46492,8
2023-06-08,1.2444,1.25631,1.2441,1.25576,45556,8
2023-06-09,1.25577,1.25898,1.25336,1.2579799999999999,40182,8
2023-06-11,1.25634,1.25806,1.25603,1.2579,1435,12
2023-06-12,1.25793,1.2599,1.24867,1.25141,48739,8
2023-06-13,1.25143,1.26243,1.2513,1.26062,66655,8
2023-06-14,1.26064,1.26986,1.26004,1.26702,66340,8
2023-06-15,1.26704,1.2790300000000001,1.2629299999999999,1.27844,58319,8
2023-06-16,1.27844,1.28478,1.27679,1.28227,58658,8
2023-06-18,1.28118,1.2832,1.28112,1.28304,1656,12
2023-06-19,1.28307,1.2836699999999999,1.27701,1.27926,41106,8
2023-06-20,1.27929,1.28058,1.27132,1.27649,63758,8
2023-06-21,1.27652,1.28006,1.26908,1.2770000000000001,81405,8
2023-06-22,1.27702,1.28411,1.27253,1.27462,75233,8
2023-06-23,1.27464,1.2748599999999999,1.26841,1.27146,73481,8
2023-06-25,1.2702499999999999,1.27307,1.27013,1.27286,2070,12
2023-06-26,1.27288,1.27482,1.26877,1.27102,59966,8
2023-06-27,1.27102,1.2759,1.27032,1.27451,64961,8
2023-06-28,1.27454,1.27515,1.26058,1.2641200000000001,64726,8
2023-06-29,1.26414,1.26663,1.25905,1.2612700000000001,61246,8
2023-06-30,1.26129,1.27272,1.2599,1.26967,62630,8
2023-07-02,1.26905,1.27034,1.26887,1.26931,1373,12
2023-07-03,1.2693400000000001,1.27228,1.2658,1.26916,52987,8
2023-07-04,1.26918,1.27389,1.2683,1.27167,35826,8
2023-07-05,1.27169,1.27349,1.26878,1.27037,51321,8
2023-07-06,1.27039,1.27803,1.26731,1.27413,71731,8
2023-07-07,1.2741500000000001,1.2848899999999999,1.27255,1.28387,64258,8
2023-07-09,1.28236,1.28399,1.28233,1.2837100000000001,1421,12
2023-07-10,1.2837399999999999,1.2868,1.27498,1.28634,52571,8
2023-07-11,1.28635,1.29389,1.28577,1.29333,54360,8
2023-07-12,1.29335,1.3,1.29036,1.29952,63078,8
2023-07-13,1.29955,1.31402,1.2983799999999999,1.31278,62089,8
2023-07-14,1.31278,1.31418,1.30892,1.30926,60522,8
2023-07-16,1.30839,1.30964,1.30808,1.3088899999999999,1563,12
2023-07-17,1.30891,1.31084,1.30507,1.30713,49708,8
2023-07-18,1.30715,1.3125200000000001,1.30268,1.3033299999999999,65231,8
2023-07-19,1.30332,1.30384,1.28673,1.29367,70907,8
2023-07-20,1.2937,1.29641,1.28396,1.2872,58151,8
2023-07-21,1.28723,1.29038,1.28155,1.28526,55514,8
2023-07-23,1.28416,1.28561,1.28414,1.28518,1444,12
2023-07-24,1.28519,1.28833,1.27975,1.28114,61120,8
2023-07-25,1.28117,1.29044,1.2809,1.28929,51168,8
2023-07-26,1.28931,1.29599,1.2875,1.29265,64458,8
2023-07-27,1.29267,1.29954,1.27817,1.27928,79442,8
2023-07-28,1.2793,1.28867,1.27627,1.28499,79473,8
2023-07-30,1.28409,1.28579,1.28397,1.2852999999999999,1689,12
2023-07-31,1.28532,1.28722,1.28254,1.28311,48408,8
2023-08-01,1.28314,1.28382,1.27407,1.27941,55260,8
2023-08-02,1.27943,1.27986,1.26799,1.27184,62727,8
2023-08-03,1.27185,1.27277,1.26199,1.27151,75608,8
2023-08-04,1.27153,1.2792,1.26823,1.27484,62336,8
2023-08-06,1.27408,1.2754400000000001,1.2737,1.27481,2060,12
2023-08-07,1.27484,1.27887,1.27126,1.27807,46400,8
2023-08-08,1.27809,1.27851,1.26838,1.27429,52934,8
2023-08-09,1.27431,1.27814,1.27063,1.27191,46235,8
2023-08-10,1.27193,1.2818,1.26632,1.26695,78251,8
2023-08-11,1.26697,1.27383,1.2665600000000001,1.26947,60945,8
2023-08-13,1.26864,1.27001,1.26837,1.26935,1811,12
2023-08-14,1.2693699999999999,1.27143,1.2616,1.2685,61373,8
2023-08-15,1.26851,1.2752,1.26749,1.26996,71788,8
2023-08-16,1.26997,1.2765900000000001,1.26868,1.27271,63610,8
2023-08-17,1.27271,1.27869,1.27021,1.27467,62292,8
2023-08-18,1.27469,1.27656,1.26887,1.27348,60398,8
2023-08-20,1.27243,1.27408,1.27224,1.27405,1840,12
2023-08-21,1.27409,1.2766199999999999,1.27098,1.27591,53538,8
2023-08-22,1.27594,1.27999,1.2718,1.27307,53804,8
2023-08-23,1.27307,1.27641,1.26142,1.27197,68254,8
2023-08-24,1.27199,1.27281,1.2585600000000001,1.2591999999999999,54192,8
2023-08-25,1.25921,1.26538,1.25476,1.25787,62849,8
2023-08-27,1.25738,1.2589000000000001,1.25695,1.25887,1744,12
2023-08-28,1.25888,1.2615,1.25651,1.26104,43304,8
2023-08-29,1.26104,1.26543,1.25623,1.26353,59923,8
2023-08-30,1.26355,1.27453,1.26185,1.27107,58950,8
2023-08-31,1.27109,1.2734,1.26521,1.26707,61065,8
2023-09-01,1.26707,1.27123,1.25769,1.2586,61302,8
2023-09-03,1.2581,1.25916,1.25804,1.25905,1126,12
2023-09-04,1.25906,1.2642,1.25873,1.2622,30301,8
2023-09-05,1.2622200000000001,1.26315,1.25277,1.25693,58305,8
2023-09-06,1.25695,1.25875,1.24807,1.24979,59284,8
2023-09-07,1.2498,1.25079,1.24451,1.24747,50352,8
2023-09-08,1.24748,1.25139,1.24508,1.24652,48250,8
2023-09-10,1.2461,1.24918,1.24603,1.24878,2197,12
2023-09-11,1.2488,1.25476,1.24815,1.25074,46172,8
2023-09-12,1.25075,1.25287,1.2459,1.2490700000000001,46421,8
2023-09-13,1.24909,1.25114,1.24315,1.2489,65087,8
2023-09-14,1.24892,1.2505600000000001,1.23962,1.24004,59029,8
2023-09-15,1.24006,1.24454,1.23784,1.23824,46220,8
2023-09-17,1.2376800000000001,1.2397,1.23765,1.23968,1054,12
2023-09-18,1.23968,1.24098,1.23699,1.23825,36953,8
2023-09-19,1.23827,1.24241,1.23686,1.23923,39757,8
2023-09-20,1.23925,1.24209,1.23234,1.23264,59736,8
2023-09-21,1.23266,1.23311,1.22332,1.22923,60929,8
2023-09-22,1.22925,1.22934,1.22303,1.22375,52976,8
2023-09-24,1.22317,1.22462,1.22294,1.22406,2089,12
2023-09-25,1.22407,1.22497,1.21935,1.22121,43135,8
2023-09-26,1.22123,1.22145,1.21424,1.21456,46366,8
2023-09-27,1.21456,1.2163599999999999,1.211,1.21347,53244,8
2023-09-28,1.21349,1.22241,1.21194,1.22037,56156,8
2023-09-29,1.22039,1.22714,1.21799,1.22029,63645,8
2023-10-01,1.21869,1.22044,1.2178499999999999,1.21923,2107,12
2023-10-02,1.21926,1.22194,1.20795,1.20894,51820,8
2023-10-03,1.20896,1.21015,1.2052,1.2077,70394,8
2023-10-04,1.20772,1.21766,1.2037,1.21365,67013,8
2023-10-05,1.21367,1.21956,1.21073,1.21868,58155,8
2023-10-06,1.21867,1.2260900000000001,1.2105299999999999,1.22374,71027,8
2023-10-08,1.2193,1.2221,1.21906,1.22189,2910,12
2023-10-09,1.22192,1.22512,1.21627,1.2248999999999999,52700,8
2023-10-10,1.22488,1.2294100000000001,1.22113,1.22887,69030,8
2023-10-11,1.22889,1.23368,1.22687,1.23147,63578,8
2023-10-12,1.23148,1.23311,1.21647,1.2182,63047,8
2023-10-13,1.2181899999999999,1.22248,1.21221,1.21433,57330,8
2023-10-15,1.213,1.21552,1.21294,1.2154,2161,12
2023-10-16,1.21542,1.22189,1.21424,1.22111,51233,8
2023-10-17,1.22113,1.22154,1.21325,1.21776,59227,8
2023-10-18,1.21776,1.22108,1.21308,1.2141,56824,8
2023-10-19,1.2140900000000001,1.2191,1.20896,1.21349,73234,8
2023-10-20,1.21349,1.21699,1.20929,1.21635,57776,8
2023-10-22,1.21511,1.21656,1.21491,1.21627,1444,12
2023-10-23,1.21627,1.22581,1.21428,1.22485,52063,8
2023-10-24,1.22488,1.22882,1.21507,1.21616,56926,8
2023-10-25,1.21618,1.21757,1.20943,1.21018,51233,8
2023-10-26,1.2101899999999999,1.21393,1.20691,1.21356,57269,8
2023-10-27,1.2135799999999999,1.21621,1.21051,1.21205,51213,8
2023-10-29,1.21112,1.21233,1.21089,1.21125,1573,12
2023-10-30,1.21127,1.21741,1.2089699999999999,1.21634,46286,8
2023-10-31,1.21635,1.22,1.2119,1.215,51406,8
2023-11-01,1.21501,1.218,1.20953,1.218,62901,8
2023-11-02,1.21804,1.22248,1.21548,1.21889,47573,12
2023-11-03,1.21891,1.23889,1.21839,1.23803,46657,12
2023-11-05,1.23659,1.23749,1.23461,1.23696,1285,64
2023-11-06,1.23713,1.24274,1.23201,1.23422,39876,12
2023-11-07,1.23434,1.23461,1.22621,1.22895,42507,12
2023-11-08,1.22906,1.23007,1.22413,1.22837,45197,12
2023-11-09,1.22848,1.23079,1.22095,1.22154,50910,12
2023-11-10,1.22157,1.22369,1.21864,1.22257,42209,12
2023-11-12,1.22009,1.22293,1.21953,1.22263,1506,64
2023-11-13,1.22286,1.22798,1.22225,1.22779,38074,12
2023-11-14,1.22787,1.25053,1.22649,1.24926,49126,12
2023-11-15,1.24929,1.24974,1.24021,1.24208,54180,8
2023-11-16,1.24213,1.24549,1.23759,1.24136,51109,8
2023-11-17,1.24139,1.24644,1.23735,1.2462900000000001,51566,8
2023-11-19,1.2441200000000001,1.24604,1.24406,1.24504,1537,40
2023-11-20,1.24525,1.2517,1.24455,1.25069,51394,8
2023-11-21,1.25073,1.25591,1.2504,1.2542,62383,8
2023-11-22,1.2542499999999999,1.25492,1.24481,1.24884,59412,8
2023-11-23,1.24886,1.2570999999999999,1.24882,1.25299,42952,7
2023-11-24,1.25313,1.2615,1.2523900000000001,1.26023,45580,7
2023-11-26,1.2587,1.26035,1.25861,1.2597,1266,39
2023-11-27,1.2598799999999999,1.26438,1.25907,1.26335,58712,7
2023-11-28,1.26335,1.27146,1.26061,1.27114,66299,8
2023-11-29,1.27119,1.27329,1.26643,1.2694,69404,8
2023-11-30,1.26941,1.271,1.2603,1.26296,76727,8
2023-12-01,1.26303,1.27154,1.26135,1.27101,70571,8
2023-12-03,1.26918,1.27238,1.2681200000000001,1.27098,2718,40
2023-12-04,1.27111,1.27119,1.26033,1.26326,73003,8
2023-12-05,1.2633,1.26513,1.2576800000000001,1.2593,73551,7
2023-12-06,1.25935,1.26136,1.25509,1.25568,63073,8
2023-12-07,1.25573,1.26121,1.25439,1.25861,68541,7
2023-12-08,1.2587,1.26009,1.25017,1.25484,78066,8
2023-12-10,1.2523,1.25521,1.2523,1.25519,1796,40
2023-12-11,1.25536,1.25902,1.2534399999999999,1.2552699999999999,55192,7
2023-12-12,1.25529,1.26147,1.25138,1.25675,68470,7
2023-12-13,1.25682,1.26345,1.24996,1.26205,74821,8
2023-12-14,1.26208,1.2793999999999999,1.26117,1.27695,97771,8
2023-12-15,1.27697,1.27901,1.26676,1.26817,77316,8
2023-12-17,1.26667,1.26752,1.26539,1.26706,1520,40
2023-12-18,1.2671299999999999,1.27034,1.26282,1.26515,62231,8
2023-12-19,1.26524,1.27618,1.26486,1.27297,66467,7
2023-12-20,1.27299,1.27299,1.2622499999999999,1.26395,67832,8
2023-12-21,1.26396,1.26956,1.26119,1.26824,72091,8
2023-12-22,1.26825,1.27439,1.26784,1.26982,67859,7
2023-12-25,1.2693699999999999,1.2699799999999999,1.26514,1.2693400000000001,1598,184
2023-12-26,1.26932,1.27299,1.26742,1.27245,39834,13
2023-12-27,1.27252,1.28022,1.26983,1.27993,53256,12
2023-12-28,1.27997,1.28272,1.27119,1.27336,53839,12
2023-12-29,1.27337,1.27722,1.26999,1.27308,59195,12
2024-01-01,1.27402,1.27444,1.26765,1.27189,1696,175
2024-01-02,1.27194,1.27523,1.26102,1.2622,64216,12
2024-01-03,1.26224,1.26763,1.26151,1.26724,75472,8
2024-01-04,1.26727,1.27292,1.26565,1.26803,65939,12
2024-01-05,1.2680500000000001,1.27705,1.2610299999999999,1.27189,83754,12
2024-01-07,1.27055,1.2718099999999999,1.27013,1.27152,1316,40
2024-01-08,1.27166,1.2766600000000001,1.26728,1.27405,58164,12
2024-01-09,1.27405,1.27647,1.2689,1.27101,57337,12
2024-01-10,1.27104,1.2744,1.26858,1.27436,50940,12
2024-01-11,1.27439,1.27824,1.2689599999999999,1.27777,78229,12
2024-01-12,1.27782,1.2785199999999999,1.27189,1.27532,64472,12
2024-01-14,1.27328,1.2748599999999999,1.27313,1.27337,1364,40
2024-01-15,1.27352,1.2765,1.27124,1.27145,42835,12
2024-01-16,1.27149,1.27163,1.26189,1.26369,79125,12
2024-01-17,1.26373,1.26959,1.25959,1.26758,71788,12
2024-01-18,1.26766,1.27112,1.2647599999999999,1.27102,72076,12
2024-01-19,1.27105,1.2713999999999999,1.26608,1.27037,59090,12
2024-01-21,1.26765,1.27065,1.26765,1.26976,1823,40
2024-01-22,1.26986,1.27325,1.26862,1.27053,53798,12
2024-01-23,1.27058,1.27468,1.26485,1.26902,55232,12
2024-01-24,1.26906,1.27741,1.26852,1.27185,62648,12
2024-01-25,1.27179,1.2742200000000001,1.2681,1.27058,68339,12
2024-01-26,1.27054,1.2758,1.2675100000000001,1.2701799999999999,55077,12
2024-01-28,1.26851,1.27006,1.26819,1.2695400000000001,1982,40
2024-01-29,1.2696399999999999,1.27182,1.26616,1.27109,51819,12
2024-01-30,1.27114,1.27206,1.26395,1.26935,55543,12
2024-01-31,1.26936,1.27502,1.26577,1.26789,86950,12
2024-02-01,1.26792,1.27552,1.26247,1.27451,71838,12
2024-02-02,1.2745600000000001,1.27717,1.26133,1.26327,63303,12
2024-02-04,1.26231,1.26318,1.26052,1.26204,1856,40
2024-02-05,1.26213,1.26289,1.25174,1.25326,54991,12
2024-02-06,1.25333,1.26047,1.2533,1.26023,59137,12
2024-02-07,1.2603,1.26413,1.25966,1.26261,53564,12
2024-02-08,1.26263,1.2638099999999999,1.25714,1.2619,52064,12
2024-02-09,1.262,1.26426,1.25986,1.26298,49229,12
2024-02-11,1.2616399999999999,1.2635100000000001,1.26075,1.26341,1854,40
2024-02-12,1.26358,1.26542,1.26057,1.2625600000000001,45133,12
2024-02-13,1.26263,1.26936,1.25727,1.25896,60172,12
2024-02-14,1.25897,1.26105,1.25346,1.25661,58369,12
2024-02-15,1.25667,1.26041,1.2540499999999999,1.2598,52919,12
2024-02-16,1.2597800000000001,1.2624,1.25503,1.25999,54282,12
2024-02-18,1.25915,1.26085,1.2586300000000001,1.2607599999999999,1999,40
2024-02-19,1.26097,1.26292,1.2583,1.25871,36843,12
2024-02-20,1.25873,1.2668300000000001,1.25785,1.2625600000000001,51522,12
2024-02-21,1.26242,1.26411,1.2602,1.26371,52184,12
2024-02-22,1.26377,1.27091,1.26108,1.26606,54923,12
2024-02-23,1.2661,1.27011,1.26479,1.26705,46314,12
2024-02-25,1.2656100000000001,1.26735,1.26556,1.267,1859,40
2024-02-26,1.26695,1.2699,1.26563,1.26833,42714,12
2024-02-27,1.26833,1.26962,1.2659799999999999,1.26798,47526,12
2024-02-28,1.268,1.2683499999999999,1.26212,1.26594,47660,12
2024-02-29,1.26607,1.26813,1.26122,1.26248,55114,12
2024-03-01,1.26262,1.26635,1.25993,1.26525,50292,12
2024-03-03,1.26414,1.266,1.26336,1.26585,1696,40
2024-03-04,1.26601,1.2705899999999999,1.26556,1.26887,39244,12
2024-03-05,1.26889,1.27344,1.26708,1.27038,47126,12
2024-03-06,1.27041,1.27613,1.26895,1.2733400000000001,51166,12
2024-03-07,1.27353,1.28126,1.27226,1.28125,53683,12
2024-03-08,1.28128,1.28932,1.28004,1.28586,57680,12
2024-03-10,1.28553,1.28577,1.28446,1.28548,2674,12
2024-03-11,1.28548,1.28616,1.27945,1.28185,45347,12
2024-03-12,1.28174,1.2823,1.27455,1.27946,54669,12
2024-03-13,1.27942,1.28108,1.2774,1.28007,43642,12
2024-03-14,1.2801,1.28224,1.27301,1.27448,49292,12
2024-03-15,1.27448,1.2758,1.27246,1.27342,39279,12
2024-03-17,1.27198,1.2736100000000001,1.27152,1.27307,2107,12
2024-03-18,1.27307,1.27461,1.27172,1.27259,35384,12
2024-03-19,1.2726,1.27324,1.26669,1.2717399999999999,42609,12
2024-03-20,1.2717399999999999,1.27976,1.26837,1.27976,53501,12
2024-03-21,1.27972,1.2802799999999999,1.26497,1.26602,51948,12
2024-03-22,1.26601,1.26745,1.25746,1.25996,42283,12
2024-03-24,1.25813,1.25995,1.25801,1.25969,2237,12
2024-03-25,1.2597,1.26517,1.25911,1.26359,33280,12
2024-03-26,1.2636,1.26674,1.26211,1.26273,36995,12
2024-03-27,1.26274,1.2640500000000001,1.2604899999999999,1.26163,37171,12
2024-03-28,1.26165,1.26539,1.25854,1.26217,41910,12
2024-03-29,1.26213,1.264,1.26043,1.26151,12517,13
2024-03-31,1.26062,1.26406,1.26062,1.2635399999999999,3102,12
2024-04-01,1.2637,1.2641499999999999,1.25384,1.25454,33461,12
2024-04-02,1.25455,1.25803,1.25389,1.2576,38740,12
2024-04-03,1.25754,1.26556,1.25621,1.26511,42387,12
2024-04-04,1.26506,1.2683,1.2634699999999999,1.26391,39330,12
2024-04-05,1.26387,1.2648,1.25738,1.26373,46310,12
2024-04-07,1.26133,1.26331,1.26133,1.26234,2599,12
2024-04-08,1.26236,1.26635,1.2612700000000001,1.26566,45375,12
2024-04-09,1.2656800000000001,1.2709,1.26481,1.26764,40819,12
2024-04-10,1.26766,1.27068,1.25197,1.2536,62192,12
2024-04-11,1.25362,1.25778,1.25101,1.2554,56342,12
2024-04-12,1.25543,1.2558500000000001,1.2426,1.2448299999999999,54396,12
2024-04-14,1.24341,1.24617,1.24155,1.246,3528,12
2024-04-15,1.24589,1.2498,1.24352,1.24457,59165,12
2024-04-16,1.2446,1.24713,1.24051,1.24293,66344,12
2024-04-17,1.24301,1.24814,1.24165,1.24524,60753,12
2024-04-18,1.24528,1.24838,1.24313,1.2435,51293,12
2024-04-19,1.24344,1.24678,1.23664,1.23703,66956,12
2024-04-21,1.23557,1.2378,1.23557,1.2375,2741,12
2024-04-22,1.2375,1.23918,1.22988,1.23493,45392,12
2024-04-23,1.23493,1.24581,1.23314,1.24533,54353,12
2024-04-24,1.24535,1.24693,1.24222,1.24588,42957,12
2024-04-25,1.24588,1.25266,1.24539,1.2506599999999999,59893,12
2024-04-26,1.2506599999999999,1.25403,1.24488,1.2493400000000001,52807,12
2024-04-28,1.24741,1.2509700000000001,1.24662,1.25088,2483,12
2024-04-29,1.25089,1.25689,1.25065,1.2559,53831,12
2024-04-30,1.25589,1.2560799999999999,1.24843,1.24886,55256,12
2024-05-01,1.24886,1.25496,1.24659,1.25357,63832,12
2024-05-02,1.25357,1.25441,1.24714,1.25388,61075,12
2024-05-03,1.25387,1.26334,1.25289,1.25462,64869,12
2024-05-05,1.25392,1.25528,1.2530700000000001,1.25404,2295,12
2024-05-06,1.25404,1.25939,1.25378,1.25587,41540,12
2024-05-07,1.25587,1.25702,1.2496800000000001,1.25014,44421,12
2024-05-08,1.25011,1.25044,1.24671,1.24926,42703,12
2024-05-09,1.24926,1.25285,1.24455,1.2524,50002,12
2024-05-10,1.25241,1.25409,1.25021,1.2523900000000001,41613,12
2024-05-12,1.25069,1.2527,1.25012,1.25213,2024,12
2024-05-13,1.2521,1.25681,1.25172,1.25592,40180,12
2024-05-14,1.25592,1.25922,1.25089,1.25838,48963,12
2024-05-15,1.25837,1.26936,1.2582900000000001,1.26878,49955,12
2024-05-16,1.26883,1.27,1.2643,1.26709,42500,12
2024-05-17,1.26709,1.2711299999999999,1.26444,1.27005,35516,12
2024-05-19,1.26843,1.27074,1.26775,1.27051,1781,12
2024-05-20,1.27051,1.2725,1.26887,1.2709,37182,12
2024-05-21,1.27091,1.27264,1.2686,1.27092,40620,12
2024-05-22,1.27093,1.27607,1.26997,1.27195,49066,12
2024-05-23,1.27195,1.27461,1.26849,1.26928,53102,12
2024-05-24,1.26926,1.27503,1.26754,1.27371,40210,12
2024-05-26,1.27311,1.2741799999999999,1.27244,1.27336,1711,12
2024-05-27,1.27336,1.27771,1.27331,1.27714,25776,12
2024-05-28,1.27714,1.2800500000000001,1.27536,1.27576,44156,12
2024-05-29,1.27576,1.27712,1.2695400000000001,1.26973,49702,12
2024-05-30,1.26972,1.27466,1.26804,1.27283,48251,12
2024-05-31,1.27283,1.27654,1.2699500000000001,1.2741500000000001,48655,12
2024-06-02,1.27295,1.27448,1.2721,1.27433,2173,12
2024-06-03,1.27434,1.28117,1.26936,1.2809,48569,12
2024-06-04,1.2809,1.28171,1.27421,1.27721,50333,12
2024-06-05,1.27722,1.27948,1.27548,1.27929,45220,12
2024-06-06,1.2793,1.28085,1.27621,1.2792,42200,12
2024-06-07,1.2792,1.28167,1.27152,1.27182,49135,12
2024-06-09,1.27114,1.2729,1.27042,1.27276,3110,12
2024-06-10,1.27275,1.27366,1.2687300000000001,1.27253,39998,12
2024-06-11,1.27252,1.27509,1.2705199999999999,1.27389,42746,12
2024-06-12,1.27389,1.28598,1.27322,1.27959,61994,12
2024-06-13,1.27959,1.2807,1.27377,1.27533,47442,12
2024-06-14,1.27534,1.2763,1.26562,1.26861,48844,12
2024-06-16,1.2675,1.26871,1.26642,1.2683,2287,12
2024-06-17,1.26829,1.2713700000000001,1.26581,1.27128,40496,12
2024-06-18,1.27128,1.27203,1.2668300000000001,1.27063,45317,12
2024-06-19,1.27063,1.2739500000000001,1.26996,1.27193,30982,12
2024-06-20,1.27193,1.2720099999999999,1.2651,1.26594,41681,12
2024-06-21,1.26596,1.26748,1.26218,1.26431,41267,12
2024-06-23,1.26355,1.26453,1.2625,1.2637399999999999,2274,12
2024-06-24,1.26375,1.26974,1.26323,1.2681200000000001,38267,12
2024-06-25,1.26813,1.2702,1.26698,1.2683499999999999,36369,12
2024-06-26,1.2683499999999999,1.2692999999999999,1.2615,1.26207,42019,12
2024-06-27,1.26205,1.267,1.26123,1.2643499999999999,41191,12
2024-06-28,1.2643499999999999,1.26682,1.2619099999999999,1.26443,46362,12
2024-06-30,1.26332,1.26506,1.26267,1.26479,2595,12
2024-07-01,1.26479,1.27107,1.26328,1.26447,44633,12
2024-07-02,1.26447,1.26906,1.26151,1.26867,38422,12
2024-07-03,1.26867,1.27769,1.2677800000000001,1.27469,36544,12
2024-07-04,1.27469,1.27673,1.27404,1.27546,26274,12
2024-07-05,1.27546,1.28168,1.27543,1.28137,40744,12
2024-07-07,1.27794,1.28137,1.27786,1.28051,2667,12
2024-07-08,1.28047,1.2845,1.27992,1.28149,36548,12
2024-07-09,1.28149,1.2824499999999999,1.27771,1.27873,38538,12
2024-07-10,1.27873,1.28537,1.27837,1.28533,33785,12
2024-07-11,1.28534,1.2949,1.28488,1.29229,50745,12
2024-07-12,1.2923,1.29901,1.29017,1.29884,43752,12
2024-07-14,1.29578,1.29776,1.29541,1.29667,3014,3
2024-07-15,1.29667,1.29943,1.29552,1.29688,42649,7
2024-07-16,1.29688,1.29794,1.29378,1.29769,41467,12
2024-07-17,1.29771,1.3044,1.29656,1.30077,48332,12
2024-07-18,1.30075,1.30124,1.2936,1.29488,45357,12
2024-07-19,1.29489,1.2949,1.29004,1.29124,39342,12
2024-07-21,1.28975,1.29386,1.28968,1.2932000000000001,2724,12
2024-07-22,1.29317,1.2941799999999999,1.29044,1.29302,39108,12
2024-07-23,1.29302,1.29344,1.28871,1.29003,38327,12
2024-07-24,1.29003,1.29371,1.28772,1.28974,43100,12
2024-07-25,1.28974,1.2913000000000001,1.2842799999999999,1.2854700000000001,51862,12
2024-07-26,1.28551,1.28775,1.28495,1.28658,36744,12
2024-07-28,1.28535,1.2871000000000001,1.28456,1.2866,2483,12
2024-07-29,1.2866,1.28878,1.28061,1.28592,40288,12
2024-07-30,1.28592,1.28641,1.28195,1.28372,39268,12
2024-07-31,1.28372,1.28637,1.28202,1.2852299999999999,57697,12
2024-08-01,1.2852000000000001,1.286,1.27261,1.27274,59219,12
2024-08-02,1.27272,1.28397,1.27065,1.28043,61089,12
2024-08-04,1.2788,1.28085,1.27811,1.27867,4245,12
2024-08-05,1.27867,1.28164,1.27099,1.27871,116983,12
2024-08-06,1.27875,1.28027,1.26723,1.26841,79115,12
2024-08-07,1.2683900000000001,1.27353,1.26779,1.26821,62341,12
2024-08-08,1.2682,1.27518,1.26643,1.2744900000000001,60453,8
2024-08-09,1.2744900000000001,1.27733,1.27255,1.2757399999999999,42086,8
2024-08-11,1.27509,1.27606,1.27439,1.2748300000000001,2296,12
2024-08-12,1.27482,1.27933,1.27464,1.2770000000000001,40675,12
2024-08-13,1.2770000000000001,1.28725,1.27629,1.28646,43073,12
2024-08-14,1.2864499999999999,1.2868,1.2817,1.2824,33510,12
2024-08-15,1.28243,1.28714,1.27984,1.2858399999999999,29805,8
2024-08-16,1.28585,1.29456,1.28568,1.29441,22652,8
2024-08-18,1.29276,1.29504,1.2925900000000001,1.29458,1388,12
2024-08-19,1.29457,1.2996699999999999,1.29393,1.29887,28373,12
2024-08-20,1.29889,1.30519,1.29737,1.30334,33495,8
2024-08-21,1.3033299999999999,1.31193,1.301,1.30922,37875,12
2024-08-22,1.3092,1.313,1.30758,1.30964,34181,8
2024-08-23,1.30961,1.32301,1.30912,1.32163,42508,8
2024-08-25,1.32039,1.32151,1.31986,1.32139,1947,10
2024-08-26,1.3214000000000001,1.3222,1.3179400000000001,1.31913,32134,7
2024-08-27,1.31915,1.32659,1.31795,1.32549,35730,7
2024-08-28,1.3255,1.32602,1.3167,1.31925,37683,10
2024-08-29,1.3192599999999999,1.32267,1.31448,1.31646,47342,7
2024-08-30,1.3165,1.31997,1.3109199999999999,1.3127,51027,10
2024-09-01,1.31234,1.31331,1.31132,1.31294,2002,10
2024-09-02,1.31294,1.31549,1.3119399999999999,1.31395,29917,10
2024-09-03,1.31395,1.3146900000000001,1.3087,1.31121,56690,10
2024-09-04,1.31119,1.31747,1.31002,1.31434,53634,10
2024-09-05,1.31437,1.31851,1.31364,1.31753,52988,7
2024-09-06,1.31753,1.3237700000000001,1.3109199999999999,1.3129,73089,10
2024-09-08,1.31135,1.31378,1.3113000000000001,1.3131,2732,10
2024-09-09,1.3131300000000001,1.3142800000000001,1.3067,1.3070599999999999,47447,10
2024-09-10,1.30705,1.31074,1.3048899999999999,1.3079100000000001,46856,10
2024-09-11,1.3079,1.31114,1.30015,1.30374,59013,7
2024-09-12,1.30374,1.31321,1.30315,1.31319,51767,7
2024-09-13,1.31319,1.31576,1.31143,1.3124,48856,7
2024-09-15,1.31152,1.31365,1.31106,1.31345,2279,10
2024-09-16,1.31345,1.32179,1.31345,1.32095,43037,10
2024-09-17,1.32096,1.32294,1.31454,1.31669,51567,8
2024-09-18,1.31666,1.32973,1.31559,1.32027,88536,8
2024-09-19,1.32029,1.33141,1.31528,1.32806,76248,8
2024-09-20,1.32805,1.33398,1.32677,1.33215,62912,10
2024-09-22,1.33009,1.33225,1.33007,1.33118,2541,10
2024-09-23,1.33117,1.3359,1.32481,1.3348200000000001,58549,8
2024-09-24,1.3348200000000001,1.34275,1.33315,1.34265,60913,8
2024-09-25,1.34265,1.34296,1.3312,1.33134,66532,8
2024-09-26,1.33132,1.34341,1.3311899999999999,1.34104,70544,8
2024-09-27,1.34103,1.34271,1.33593,1.33721,68811,8
2024-09-29,1.33678,1.33836,1.33652,1.3382,2172,10
2024-09-30,1.3382,1.34225,1.33496,1.33768,71342,10
2024-10-01,1.3377,1.33893,1.32367,1.32734,85471,8
2024-10-02,1.32738,1.3305,1.3245,1.32622,62023,8
2024-10-03,1.3262,1.32649,1.30914,1.3128,84093,8
2024-10-04,1.3127900000000001,1.31745,1.30694,1.31251,74208,8
2024-10-06,1.31013,1.31246,1.31007,1.3122500000000001,3376,10
2024-10-07,1.3122500000000001,1.31344,1.3059,1.30838,65091,10
2024-10-08,1.30837,1.31131,1.30634,1.30929,61773,10
2024-10-09,1.30927,1.3102800000000001,1.30552,1.3066200000000001,58730,10
2024-10-10,1.30663,1.30934,1.30215,1.3061,71162,8
2024-10-11,1.30609,1.30829,1.30411,1.30679,47897,8
2024-10-13,1.30575,1.30658,1.30461,1.3048,2445,10
2024-10-14,1.3048,1.30715,1.30294,1.3066499999999999,51618,10
2024-10-15,1.3066499999999999,1.31023,1.30351,1.30645,52968,8
2024-10-16,1.30645,1.30769,1.29764,1.29909,56213,8
2024-10-17,1.29907,1.30228,1.29731,1.3014000000000001,62396,8
2024-10-18,1.30141,1.3070599999999999,1.30104,1.30511,53279,8
2024-10-20,1.30377,1.30555,1.3030300000000001,1.30512,2628,10
2024-10-21,1.30514,1.30531,1.29764,1.29822,48778,10
2024-10-22,1.29823,1.30144,1.29441,1.29803,50902,10
2024-10-23,1.298,1.29945,1.29068,1.2915,50395,10
2024-10-24,1.29153,1.29878,1.2911299999999999,1.2971,53749,8
2024-10-25,1.29714,1.29982,1.29553,1.29609,44532,8
2024-10-27,1.29494,1.29634,1.29494,1.29573,2706,10
2024-10-28,1.2957,1.30014,1.2939,1.29741,50263,10
2024-10-29,1.29741,1.30165,1.29575,1.30108,57843,8
2024-10-30,1.30107,1.3043,1.29364,1.29579,68932,8
2024-10-31,1.29579,1.29995,1.2843,1.28963,75782,8
2024-11-01,1.28963,1.29798,1.2884,1.29195,60195,8
2024-11-03,1.29667,1.29668,1.29484,1.29517,2758,10
2024-11-04,1.29519,1.29983,1.29338,1.2953700000000001,60177,8
2024-11-05,1.2953700000000001,1.30474,1.29474,1.3042,50851,8
2024-11-06,1.3042099999999999,1.30434,1.28336,1.28822,160842,10
2024-11-07,1.2882,1.30088,1.28754,1.29823,86807,8
2024-11-08,1.29823,1.29839,1.2882799999999999,1.2919800000000001,66260,8
2024-11-10,1.28956,1.29173,1.28935,1.29149,2162,10
2024-11-11,1.29148,1.29254,1.28556,1.28734,54527,10
2024-11-12,1.2873,1.2873,1.27185,1.27362,70278,10
2024-11-13,1.27363,1.27687,1.2686,1.27066,74861,8
2024-11-14,1.27067,1.27197,1.26291,1.26665,78277,8
2024-11-15,1.26666,1.26966,1.25966,1.26189,75867,8
2024-11-17,1.26101,1.26216,1.25969,1.26189,2394,10
2024-11-18,1.2619099999999999,1.26864,1.26124,1.2678099999999999,59998,10
2024-11-19,1.2678,1.2693699999999999,1.26125,1.2693699999999999,69002,10
2024-11-20,1.26936,1.27143,1.26303,1.26549,58481,10
2024-11-21,1.26548,1.26599,1.25756,1.25845,63950,8
2024-11-22,1.25844,1.25938,1.24867,1.25321,83649,10
2024-11-24,1.2582200000000001,1.25964,1.25675,1.2592400000000001,3487,10
2024-11-25,1.2592400000000001,1.26132,1.25292,1.25321,71966,8
2024-11-26,1.25323,1.26158,1.25069,1.25731,85928,8
2024-11-27,1.25731,1.26942,1.2566,1.26766,71399,10
2024-11-28,1.26766,1.2695699999999999,1.26444,1.26949,48325,8
2024-11-29,1.26948,1.27499,1.26715,1.27344,65470,10
2024-12-01,1.27175,1.27319,1.26952,1.27011,3135,10
2024-12-02,1.27011,1.27221,1.2616399999999999,1.26581,80524,8
2024-12-03,1.2658,1.26994,1.26363,1.26736,68294,8
2024-12-04,1.26735,1.27214,1.26297,1.27006,78844,8
2024-12-05,1.27007,1.27702,1.26925,1.27597,60735,10
2024-12-06,1.276,1.28109,1.27209,1.27413,63344,8
2024-12-08,1.27255,1.275,1.27238,1.2747600000000001,2214,10
2024-12-09,1.27477,1.27985,1.27163,1.27481,56015,10
2024-12-10,1.27481,1.2779,1.2723499999999999,1.2779,57622,10
2024-12-11,1.2779,1.27812,1.27127,1.27645,69167,10
2024-12-12,1.27645,1.27875,1.2664900000000001,1.26766,71311,10
2024-12-13,1.26763,1.26787,1.26078,1.2619500000000001,57621,10
2024-12-15,1.2602,1.26271,1.2597800000000001,1.26261,2015,10
2024-12-16,1.2625899999999999,1.26985,1.2625600000000001,1.2689599999999999,52451,10
2024-12-17,1.26897,1.27284,1.2665600000000001,1.27101,57259,10
2024-12-18,1.27101,1.27275,1.25618,1.2567,79067,10
2024-12-19,1.25671,1.26664,1.24945,1.24966,83160,8
2024-12-20,1.24967,1.2613400000000001,1.24741,1.2567599999999999,67717,8
2024-12-22,1.2553,1.2574,1.25485,1.2570000000000001,2273,10
2024-12-23,1.2570000000000001,1.25877,1.25096,1.25322,52674,8
2024-12-24,1.25322,1.25743,1.2518,1.2534399999999999,38029,8
2024-12-25,1.25267,1.2548,1.25267,1.25428,1782,10
2024-12-26,1.25427,1.2548,1.25007,1.25274,39241,10
2024-12-27,1.25274,1.25922,1.25046,1.25776,52051,8
2024-12-29,1.25666,1.25871,1.25561,1.25772,1609,10
2024-12-30,1.25772,1.26068,1.25058,1.25477,56990,10
2024-12-31,1.25477,1.2569,1.25048,1.25122,56889,10
2025-01-01,1.25048,1.25194,1.2499,1.25191,2039,10
2025-01-02,1.2518799999999999,1.254,1.23519,1.23795,68161,8
2025-01-03,1.23792,1.24336,1.23779,1.24219,46607,10
2025-01-05,1.24125,1.24335,1.24027,1.24242,2042,10
2025-01-06,1.24245,1.25508,1.24173,1.25092,83343,8
2025-01-07,1.25096,1.25753,1.24725,1.24755,66673,8
2025-01-08,1.24756,1.24936,1.23202,1.23575,82595,8
2025-01-09,1.23576,1.23649,1.22377,1.22981,70234,10
2025-01-10,1.22981,1.23213,1.21909,1.22072,83634,10
2025-01-12,1.21891,1.2209,1.21878,1.22038,1814,11
2025-01-13,1.22034,1.22497,1.20991,1.22309,85371,10
2025-01-14,1.22306,1.22457,1.21389,1.22101,84573,10
2025-01-15,1.221,1.23058,1.21599,1.2242,85117,10
2025-01-16,1.2242,1.22599,1.21743,1.22339,77344,10
2025-01-17,1.2234,1.22439,1.21599,1.21676,69234,10
2025-01-19,1.21585,1.21764,1.21578,1.21744,2262,10
2025-01-20,1.21743,1.23446,1.21649,1.23312,96387,10
2025-01-21,1.23314,1.236,1.22291,1.23377,104016,10
2025-01-22,1.23376,1.23757,1.23057,1.23133,70740,10
2025-01-23,1.23133,1.23752,1.22926,1.23532,75166,10
2025-01-24,1.23533,1.25014,1.2348,1.24809,78631,10
2025-01-26,1.24599,1.2471700000000001,1.24557,1.2457799999999999,2752,10
2025-01-27,1.2457799999999999,1.25232,1.24257,1.2451,84036,8
2025-01-28,1.24511,1.24651,1.2414,1.24403,72281,8
2025-01-29,1.24403,1.2462900000000001,1.23928,1.24542,87084,10
2025-01-30,1.24542,1.24767,1.24049,1.24216,78104,10
2025-01-31,1.24215,1.24712,1.23853,1.23918,92554,10
2025-02-02,1.23039,1.2322899999999999,1.22816,1.22894,4294,30
2025-02-03,1.229,1.24547,1.22489,1.2433,153964,10
2025-02-04,1.2433,1.24928,1.23787,1.24748,80446,10
2025-02-05,1.24752,1.25497,1.24627,1.25011,69973,10
2025-02-06,1.25011,1.2509299999999999,1.23598,1.24338,72070,10
2025-02-07,1.24337,1.24928,1.23757,1.24014,84789,10
2025-02-09,1.23669,1.23939,1.23637,1.2389000000000001,3239,10
2025-02-10,1.2389000000000001,1.24219,1.23539,1.23591,55479,10
2025-02-11,1.23594,1.24545,1.23318,1.2450700000000001,53571,10
2025-02-12,1.2450700000000001,1.24832,1.23772,1.24501,75962,10
2025-02-13,1.245,1.25696,1.2442,1.2564,86563,10
2025-02-14,1.2564,1.26297,1.25489,1.25864,56985,10
2025-02-16,1.25752,1.2588300000000001,1.25717,1.25834,2490,10
2025-02-17,1.25835,1.26343,1.25787,1.26203,46191,10
2025-02-18,1.26203,1.26339,1.25821,1.26238,55084,8
2025-02-19,1.26238,1.2635399999999999,1.25628,1.2582499999999999,57611,10
2025-02-20,1.25824,1.26739,1.25799,1.26688,58736,10
2025-02-21,1.26689,1.26783,1.26244,1.26335,57634,10
2025-02-23,1.26196,1.26575,1.26196,1.26483,2553,10
2025-02-24,1.26487,1.26901,1.26115,1.26166,65085,10
2025-02-25,1.26166,1.2677399999999999,1.26053,1.26714,58737,10
2025-02-26,1.26715,1.27154,1.2634699999999999,1.26802,65005,10
2025-02-27,1.26802,1.26884,1.2593,1.25962,67807,10
2025-02-28,1.25966,1.26215,1.2559,1.2576800000000001,68395,10
2025-03-02,1.25688,1.2608,1.25678,1.26016,3250,10
2025-03-03,1.2601499999999999,1.27245,1.25818,1.2701,82090,10
2025-03-04,1.2701,1.27992,1.26782,1.27948,93845,10
2025-03-05,1.2794699999999999,1.29003,1.27672,1.2889300000000001,100858,10
2025-03-06,1.28891,1.2923200000000001,1.28656,1.2883200000000001,93374,10
2025-03-07,1.28831,1.29444,1.28756,1.29213,84490,10
2025-03-09,1.29066,1.29378,1.28961,1.29315,5812,10
2025-03-10,1.29315,1.29463,1.28607,1.28747,78300,10
2025-03-11,1.28748,1.29654,1.28728,1.2943500000000001,80531,10
2025-03-12,1.2943799999999999,1.29881,1.29131,1.29639,67900,10
2025-03-13,1.2964,1.29729,1.29203,1.29562,65203,8
2025-03-14,1.2955999999999999,1.29585,1.29102,1.29342,62650,10
2025-03-16,1.2925200000000001,1.2935400000000001,1.29115,1.29268,3663,10
2025-03-17,1.2927,1.29985,1.29266,1.29837,49490,10
2025-03-18,1.29837,1.30095,1.29511,1.29997,51249,10
2025-03-19,1.2999399999999999,1.3011300000000001,1.29545,1.30096,57714,10
2025-03-20,1.30096,1.30145,1.29353,1.29648,56500,10
2025-03-21,1.29647,1.297,1.28873,1.2917399999999999,50690,10
2025-03-23,1.28784,1.29256,1.28784,1.29246,3542,10
2025-03-24,1.29244,1.29739,1.28952,1.29226,58800,10
2025-03-25,1.29226,1.29665,1.29013,1.29446,49542,10
2025-03-26,1.29443,1.29457,1.28664,1.28769,61292,10
2025-03-27,1.28769,1.29916,1.2876,1.2951,59384,10
2025-03-28,1.29508,1.29678,1.29218,1.29394,51364,10
2025-03-30,1.29305,1.29402,1.29163,1.29372,4788,10
2025-03-31,1.29368,1.29726,1.28858,1.29188,64682,10
2025-04-01,1.2919100000000001,1.29403,1.28789,1.29212,63291,10
2025-04-02,1.29214,1.3052000000000001,1.29001,1.3044799999999999,83819,10
2025-04-03,1.30447,1.32074,1.30257,1.30888,126912,10
2025-04-04,1.30887,1.31135,1.28524,1.29005,175736,10
2025-04-06,1.28266,1.29331,1.28196,1.29083,14755,10
2025-04-07,1.29087,1.29337,1.2707600000000001,1.27325,194272,10
2025-04-08,1.27324,1.28015,1.2724199999999999,1.27863,120218,10
2025-04-09,1.27863,1.28637,1.27428,1.28241,206588,10
2025-04-10,1.28239,1.29974,1.28216,1.29915,149012,10
2025-04-11,1.29912,1.31449,1.2984200000000001,1.30861,202365,10
2025-04-13,1.30745,1.3096,1.30624,1.30837,7928,10
2025-04-14,1.30839,1.3201,1.30831,1.3172,105650,10
2025-04-15,1.31717,1.32515,1.31639,1.32306,83970,10
2025-04-16,1.32307,1.3292,1.32114,1.32321,90682,10
2025-04-17,1.32321,1.32727,1.32023,1.32648,80089,10
2025-04-18,1.32646,1.32922,1.32552,1.3288,63185,76
2025-04-20,1.32683,1.33195,1.3268,1.33141,5621,10
2025-04-21,1.33144,1.3421699999999999,1.33144,1.33793,74634,10
2025-04-22,1.3379400000000001,1.34236,1.32331,1.3271899999999999,92990,10
2025-04-23,1.32718,1.33388,1.3244500000000001,1.32646,103468,10
2025-04-24,1.32645,1.3348900000000001,1.32583,1.33269,69739,10
2025-04-25,1.33269,1.3332,1.32736,1.33105,62547,10
2025-04-27,1.32939,1.33111,1.32876,1.32897,3676,10
2025-04-28,1.32898,1.34439,1.32796,1.34342,68198,10
2025-04-29,1.3434300000000001,1.34422,1.33798,1.34113,61960,10
2025-04-30,1.34114,1.3414,1.33086,1.33205,69408,10
2025-05-01,1.3320400000000001,1.3345,1.32596,1.32854,63749,10
2025-05-02,1.32855,1.33304,1.32599,1.327,71947,10
2025-05-04,1.32466,1.32761,1.32462,1.3269199999999999,3275,10
2025-05-05,1.32693,1.33362,1.32612,1.32901,61146,10
2025-05-06,1.32901,1.34023,1.32595,1.33514,72438,10
2025-05-07,1.33514,1.3376700000000001,1.32793,1.32898,75732,10
